{
  "A": 117.50521468462601,
  "mu_deg": 260.151233144375,
  "sigma_deg": 0.2061927608809805,
  "FWHM_deg": 0.4855468464628063,
  "baseline": 34.11108046389478,
  "covariance": [
    [
      0.3775274042577147,
      -2.043489984336442e-07,
      -0.00040457359493675175,
      -0.011222540754215997
    ],
    [
      -2.043489984336442e-07,
      1.5177598791934513e-06,
      1.5974183646517988e-09,
      -1.6195293047894546e-08
    ],
    [
      -0.0004045735949367518,
      1.5974183646517988e-09,
      1.6157201502405424e-06,
      -3.939593489768088e-05
    ],
    [
      -0.011222540754215997,
      -1.619529304789454e-08,
      -3.939593489768088e-05,
      0.015872556046800306
    ]
  ]
}